Русский;Немецкий
Я не могу ждать тебя.;Ich kann nicht auf dich warten.
Мы думаем о новом проекте.;Wir denken an ein neues Projekt.
Она попросила коллегу о помощи.;Sie hat den Kollegen um Hilfe gebeten.
Ты интересуешься немецким языком?;Interessierst du dich für Deutsch?
Мы очень рады этой встрече.;Wir freuen uns sehr über dieses Treffen.
Я ищу новую работу.;Ich suche nach einer neuen Arbeit.
Он отвечает на каждое письмо.;Er antwortet auf jeden Brief.
Мы говорим о нашей поездке.;Wir sprechen über unsere Reise.
Ты должен участвовать во встрече.;Du musst an dem Treffen teilnehmen.
Она начала работать вчера.;Sie hat gestern mit der Arbeit angefangen.
Я вспоминаю школьное время.;Ich erinnere mich an meine Schulzeit.
Почему ты думаешь об этом?;Warum denkst du daran?
Мы ждем автобус уже двадцать минут.;Wir warten seit zwanzig Minuten auf den Bus.
Он интересуется историей Германии.;Er interessiert sich für die Geschichte Deutschlands.
Я не могу ответить на этот вопрос.;Ich kann diese Frage nicht beantworten.
Она часто говорит о своей семье.;Sie spricht oft über ihre Familie.
Мы ищем новую квартиру.;Wir suchen nach einer neuen Wohnung.
Ты уже попросил его о помощи?;Hast du ihn schon um Hilfe gebeten?
Они участвуют в новом проекте.;Sie nehmen an einem neuen Projekt teil.
Я хочу начать с самого простого.;Ich möchte mit dem Einfachsten anfangen.
Мы думаем о поездке в Германию.;Wir denken an eine Reise nach Deutschland.
Она рада хорошим новостям.;Sie freut sich über die guten Nachrichten.
Я ищу ответ на этот вопрос.;Ich suche eine Antwort auf diese Frage.
Он не может ждать так долго.;Er kann nicht so lange warten.
Почему вы говорите об этом сейчас?;Warum sprechen Sie jetzt darüber?
Мы начали с самого важного.;Wir haben mit dem Wichtigsten angefangen.
Ты вспоминаешь свое детство?;Erinnerst du dich an deine Kindheit?
Я должен ответить на письмо сегодня.;Ich muss heute auf den Brief antworten.
Она ищет ключи уже час.;Sie sucht seit einer Stunde nach ihren Schlüsseln.
Мы интересуемся современной литературой.;Wir interessieren uns für moderne Literatur.
Он попросил меня подождать.;Er hat mich gebeten zu warten.
Я рад, что ты пришел.;Ich freue mich, dass du gekommen bist.
Мы думаем, что это хорошая идея.;Wir denken, dass das eine gute Idee ist.
Если у меня будет время, я помогу тебе.;Wenn ich Zeit habe, helfe ich dir.
Потому что шел дождь, мы остались дома.;Weil es geregnet hat, sind wir zu Hause geblieben.
Я хотел бы поехать в Германию.;Ich würde gern nach Deutschland fahren.
Она не знает, где он живет.;Sie weiß nicht, wo er wohnt.
Мы останемся дома, если будет холодно.;Wir bleiben zu Hause, wenn es kalt ist.
Я думаю, что ты прав.;Ich glaube, dass du recht hast.
Он сказал, что придет позже.;Er hat gesagt, dass er später kommt.
Ты можешь объяснить это еще раз?;Kannst du das noch einmal erklären?
Я не понимаю этот текст.;Ich verstehe diesen Text nicht.
Мы нашли хороший ресторан.;Wir haben ein gutes Restaurant gefunden.
Она забыла мой номер телефона.;Sie hat meine Telefonnummer vergessen.
Я знаю этого человека.;Ich kenne diesen Menschen.
Я знаю ответ.;Ich weiß die Antwort.
Он помогает своей сестре.;Er hilft seiner Schwester.
Мы встретили старого друга.;Wir haben einen alten Freund getroffen.
Она остается сегодня дома.;Sie bleibt heute zu Hause.
Что здесь произошло?;Was ist hier passiert?
Я не могу найти свои ключи.;Ich kann meine Schlüssel nicht finden.
Ты уже нашел новую работу?;Hast du schon eine neue Arbeit gefunden?
Мы забыли купить молоко.;Wir haben vergessen, Milch zu kaufen.
Она всегда забывает свое имя пользователя.;Sie vergisst immer ihren Benutzernamen.
Я знаю этого врача уже много лет.;Ich kenne diesen Arzt schon seit vielen Jahren.
Ты знаешь ответ на этот вопрос?;Weißt du die Antwort auf diese Frage?
Мы не понимаем эту задачу.;Wir verstehen diese Aufgabe nicht.
Он объяснил мне правило.;Er hat mir die Regel erklärt.
Она помогает своей матери каждый день.;Sie hilft ihrer Mutter jeden Tag.
Спасибо, что помог мне.;Danke, dass du mir geholfen hast.
Мы встретили наших друзей в центре.;Wir haben unsere Freunde im Zentrum getroffen.
Я встречаюсь с ним каждую пятницу.;Ich treffe mich jeden Freitag mit ihm.
Он остался дома из-за дождя.;Er ist wegen des Regens zu Hause geblieben.
Мы остаемся здесь до понедельника.;Wir bleiben bis Montag hier.
Что произошло вчера вечером?;Was ist gestern Abend passiert?
Со мной ничего не произошло.;Mir ist nichts passiert.
Я хотел бы заказать кофе.;Ich würde gern einen Kaffee bestellen.
Не могли бы вы говорить медленнее?;Könnten Sie bitte langsamer sprechen?
Я должен закончить эту работу сегодня.;Ich muss diese Arbeit heute beenden.
Она хочет стать врачом.;Sie möchte Ärztin werden.
Мы собираемся поехать в Берлин летом.;Wir werden im Sommer nach Berlin fahren.
Он никогда не опаздывает.;Er kommt nie zu spät.
Когда начинается фильм?;Wann fängt der Film an?
Поезд отправляется через десять минут.;Der Zug fährt in zehn Minuten ab.
Я встаю в семь часов.;Ich stehe um sieben Uhr auf.
Она включает компьютер.;Sie macht den Computer an.
Пожалуйста, выключи свет.;Mach bitte das Licht aus.
Мы приглашаем друзей на ужин.;Wir laden Freunde zum Abendessen ein.
Он сегодня не приходит.;Er kommt heute nicht mit.
Я записываю новые слова.;Ich schreibe neue Wörter auf.
Она читает книгу, которую я ей дал.;Sie liest das Buch, das ich ihr gegeben habe.
Это человек, который помогает мне.;Das ist der Mensch, der mir hilft.
Я знаю женщину, которая работает здесь.;Ich kenne die Frau, die hier arbeitet.
Мы останемся дома, если будет дождь.;Wir bleiben zu Hause, wenn es regnet.
Если у тебя будет время, позвони мне.;Wenn du Zeit hast, ruf mich an.
Хотя было поздно, мы продолжили работать.;Obwohl es spät war, haben wir weitergearbeitet.
Я остался дома, потому что заболел.;Ich bin zu Hause geblieben, weil ich krank geworden bin.
Она улыбается, хотя устала.;Sie lächelt, obwohl sie müde ist.
Я думаю, что он скоро придет.;Ich denke, dass er bald kommt.
Он сказал, что уже закончил.;Er sagte, dass er schon fertig war.
Перед тем как уйти, закрой окно.;Bevor du gehst, schließ das Fenster.
После того как мы поели, мы пошли гулять.;Nachdem wir gegessen hatten, gingen wir spazieren.
Я учу немецкий, чтобы работать в Германии.;Ich lerne Deutsch, um in Deutschland zu arbeiten.
Он слишком устал, чтобы идти дальше.;Er ist zu müde, um weiterzugehen.
Эта книга была написана известным автором.;Dieses Buch wurde von einem bekannten Autor geschrieben.
Дом строится уже два года.;Das Haus wird seit zwei Jahren gebaut.
Мне нужно принять важное решение.;Ich muss eine wichtige Entscheidung treffen.
Она приняла правильное решение.;Sie hat die richtige Entscheidung getroffen.
Мы привыкли рано вставать.;Wir sind es gewohnt, früh aufzustehen.
Чем больше ты читаешь, тем быстрее учишься.;Je mehr du liest, desto schneller lernst du.
